company_id,name,link,link_google,thumbnail
22,PrivatBank,,https://www.google.com/search?q=PrivatBank,
18,MacPaw,,https://www.google.com/search?q=MacPaw,
82,Deutsche Bank,,https://www.google.com/search?q=Deutsche+Bank,
51,Objectivity,,https://www.google.com/search?q=Objectivity,
74,Grupa Pracuj,,https://www.google.com/search?q=Grupa+Pracuj,
113,DataWave Solutions,,,
130,Optiq Data,,,
30,Silpo,,https://www.google.com/search?q=Silpo,
23,Raiffeisen Bank Ukraine,,https://www.google.com/search?q=Raiffeisen+Bank+Ukraine,
121,DataPly Group,,,
72,LPP,,https://www.google.com/search?q=LPP,
69,Docplanner,,https://www.google.com/search?q=Docplanner,
62,Play,,https://www.google.com/search?q=Play,
38,MHP,,https://www.google.com/search?q=MHP,
83,Allianz,,https://www.google.com/search?q=Allianz,
32,DTEK,,https://www.google.com/search?q=DTEK,
92,Personio,,https://www.google.com/search?q=Personio,
61,Santander Poland,,https://www.google.com/search?q=Santander+Poland,
42,Work.ua,,https://www.google.com/search?q=Work.ua,
86,HelloFresh,,https://www.google.com/search?q=HelloFresh,
126,Cleartrail Solutions,,,
28,Epicentr K,,https://www.google.com/search?q=Epicentr+K,
52,Sii Poland,,https://www.google.com/search?q=Sii+Poland,
1,EPAM Systems,,https://www.google.com/search?q=EPAM+Systems,
88,CHECK24,,https://www.google.com/search?q=CHECK24,
131,Pathfinder BI,,,
63,Orange Polska,,https://www.google.com/search?q=Orange+Polska,
102,RWE,,https://www.google.com/search?q=RWE,
76,Tieto Poland,,https://www.google.com/search?q=Tieto+Poland,
7,Sigma Software,,https://www.google.com/search?q=Sigma+Software,
108,Rocket Internet,,https://www.google.com/search?q=Rocket+Internet,
39,Ferrexpo,,https://www.google.com/search?q=Ferrexpo,
112,Wayfair Germany,,https://www.google.com/search?q=Wayfair+Germany,
60,ING Bank Slaski,,https://www.google.com/search?q=ING+Bank+Slaski,
122,Lucid Analytics UA,,,
87,trivago,,https://www.google.com/search?q=trivago,
16,Readdle,,https://www.google.com/search?q=Readdle,
94,BMW,,https://www.google.com/search?q=BMW,
81,Deutsche Telekom,,https://www.google.com/search?q=Deutsche+Telekom,
64,T-Mobile Polska,,https://www.google.com/search?q=T-Mobile+Polska,
67,InPost,,https://www.google.com/search?q=InPost,
41,OLX Ukraine,,https://www.google.com/search?q=OLX+Ukraine,
117,Pivota Data,,,
55,UBS Poland,,https://www.google.com/search?q=UBS+Poland,
36,Comfy,,https://www.google.com/search?q=Comfy,
109,About You,,https://www.google.com/search?q=About+You,
4,N-iX,,https://www.google.com/search?q=N-iX,
17,Grammarly,,https://www.google.com/search?q=Grammarly,
25,Kyivstar,,https://www.google.com/search?q=Kyivstar,
127,Dataflow Kyiv,,,
2,Luxoft,,https://www.google.com/search?q=Luxoft,
119,Quantalyze,,,
3,GlobalLogic,,https://www.google.com/search?q=GlobalLogic,
116,Clarivue Insights,,,
49,Netguru,,https://www.google.com/search?q=Netguru,
53,GFT Poland,,https://www.google.com/search?q=GFT+Poland,
66,PKN Orlen,,https://www.google.com/search?q=PKN+Orlen,
110,Trade Republic,,https://www.google.com/search?q=Trade+Republic,
14,Ajax Systems,,https://www.google.com/search?q=Ajax+Systems,
78,SAP,,https://www.google.com/search?q=SAP,
104,DZ Bank,,https://www.google.com/search?q=DZ+Bank,
40,Prom.ua,,https://www.google.com/search?q=Prom.ua,
65,PGE,,https://www.google.com/search?q=PGE,
71,Zabka Polska,,https://www.google.com/search?q=Zabka+Polska,
91,Celonis,,https://www.google.com/search?q=Celonis,
132,Beacon Analytics Group,,,
125,Northscope Analytics,,,
31,Metinvest,,https://www.google.com/search?q=Metinvest,
98,DHL,,https://www.google.com/search?q=DHL,
21,monobank,,https://www.google.com/search?q=monobank,
9,Infopulse,,https://www.google.com/search?q=Infopulse,
34,Uklon,,https://www.google.com/search?q=Uklon,
26,Vodafone Ukraine,,https://www.google.com/search?q=Vodafone+Ukraine,
105,Munich Re,,https://www.google.com/search?q=Munich+Re,
47,Comarch,,https://www.google.com/search?q=Comarch,
118,Insightly Labs,,,
90,N26,,https://www.google.com/search?q=N26,
99,Bayer,,https://www.google.com/search?q=Bayer,
114,Nexora Analytics,,,
96,Mercedes-Benz,,https://www.google.com/search?q=Mercedes-Benz,
106,adidas,,https://www.google.com/search?q=adidas,
85,Delivery Hero,,https://www.google.com/search?q=Delivery+Hero,
95,Volkswagen,,https://www.google.com/search?q=Volkswagen,
100,BASF,,https://www.google.com/search?q=BASF,
29,ATB-market,,https://www.google.com/search?q=ATB-market,
84,Zalando,,https://www.google.com/search?q=Zalando,
101,E.ON,,https://www.google.com/search?q=E.ON,
8,DataArt,,https://www.google.com/search?q=DataArt,
24,OTP Bank Ukraine,,https://www.google.com/search?q=OTP+Bank+Ukraine,
73,Ringier Axel Springer Polska,,https://www.google.com/search?q=Ringier+Axel+Springer+Polska,
46,CD Projekt,,https://www.google.com/search?q=CD+Projekt,
79,Siemens,,https://www.google.com/search?q=Siemens,
80,Bosch,,https://www.google.com/search?q=Bosch,
37,Kernel,,https://www.google.com/search?q=Kernel,
70,Brainly,,https://www.google.com/search?q=Brainly,
10,Eleks,,https://www.google.com/search?q=Eleks,
128,Skyline Metrics,,,
15,Genesis,,https://www.google.com/search?q=Genesis,
68,Booksy,,https://www.google.com/search?q=Booksy,
58,mBank,,https://www.google.com/search?q=mBank,
93,FlixBus,,https://www.google.com/search?q=FlixBus,
5,Ciklum,,https://www.google.com/search?q=Ciklum,
33,Ukrposhta,,https://www.google.com/search?q=Ukrposhta,
77,Capgemini Polska,,https://www.google.com/search?q=Capgemini+Polska,
44,Fozzy Group,,https://www.google.com/search?q=Fozzy+Group,
45,Allegro,,https://www.google.com/search?q=Allegro,
12,Grid Dynamics,,https://www.google.com/search?q=Grid+Dynamics,
48,Asseco Poland,,https://www.google.com/search?q=Asseco+Poland,
11,MobiDev,,https://www.google.com/search?q=MobiDev,
13,Sombra,,https://www.google.com/search?q=Sombra,
115,BrightMetrics,,,
120,MetricForge,,,
27,lifecell,,https://www.google.com/search?q=lifecell,
19,Rozetka,,https://www.google.com/search?q=Rozetka,
124,Kolibri Data Systems,,,
43,Concorde Group,,https://www.google.com/search?q=Concorde+Group,
54,Nordea Poland,,https://www.google.com/search?q=Nordea+Poland,
89,Otto Group,,https://www.google.com/search?q=Otto+Group,
20,Nova Poshta,,https://www.google.com/search?q=Nova+Poshta,
123,Vistarion Consulting,,,
97,Lufthansa,,https://www.google.com/search?q=Lufthansa,
0,SoftServe,,https://www.google.com/search?q=SoftServe,
111,GetYourGuide,,https://www.google.com/search?q=GetYourGuide,
103,Commerzbank,,https://www.google.com/search?q=Commerzbank,
35,Allo,,https://www.google.com/search?q=Allo,
75,Luxoft Poland,,https://www.google.com/search?q=Luxoft+Poland,
57,Barclays Poland,,https://www.google.com/search?q=Barclays+Poland,
56,State Street Poland,,https://www.google.com/search?q=State+Street+Poland,
107,PUMA,,https://www.google.com/search?q=PUMA,
50,STX Next,,https://www.google.com/search?q=STX+Next,
6,Intellias,,https://www.google.com/search?q=Intellias,
129,Vantage Point Analytics,,,
59,PKO Bank Polski,,https://www.google.com/search?q=PKO+Bank+Polski,
